{"pair_idx_0": {"feature_idx": [0, 1], "results": {"ref": 7.389848644090424e-05, "min": 4.961331262487434e-07, "max": 0.004797797398751524}}, "pair_idx_1": {"feature_idx": [0, 2], "results": {"ref": 0.00012388320374179251, "min": 3.662742517063222e-07, "max": 0.0011896243875989532}}, "pair_idx_2": {"feature_idx": [0, 3], "results": {"ref": 8.510566730701719e-05, "min": 5.231399199723263e-06, "max": 0.00225833333177905}}, "pair_idx_3": {"feature_idx": [0, 4], "results": {"ref": 0.0001536419405350209, "min": 4.880625897207835e-06, "max": 0.0025262455904827563}}, "pair_idx_4": {"feature_idx": [0, 5], "results": {"ref": 3.877275019592563e-05, "min": 1.812230312225882e-05, "max": 0.0033442658265960823}}, "pair_idx_5": {"feature_idx": [0, 6], "results": {"ref": 0.00010449053597472169, "min": 1.4632950258164357e-06, "max": 0.001672513720748059}}, "pair_idx_6": {"feature_idx": [1, 2], "results": {"ref": 0.00024961028431536025, "min": 4.993204805181506e-08, "max": 0.003825164099186429}}, "pair_idx_7": {"feature_idx": [1, 3], "results": {"ref": 0.00046051294534321663, "min": 1.7031419040081097e-05, "max": 0.004230636492658313}}, "pair_idx_8": {"feature_idx": [1, 4], "results": {"ref": 0.003067500968869985, "min": 5.732755360587927e-05, "max": 0.006066276502572077}}, "pair_idx_9": {"feature_idx": [1, 5], "results": {"ref": 0.0011674289570334784, "min": 4.874638783902707e-05, "max": 0.006051485964382097}}, "pair_idx_10": {"feature_idx": [1, 6], "results": {"ref": 0.000520032382441582, "min": 8.863245239409956e-06, "max": 0.0038506350095217634}}, "pair_idx_11": {"feature_idx": [2, 3], "results": {"ref": 0.0008880763175818096, "min": 6.769926587546493e-06, "max": 0.003152082557951519}}, "pair_idx_12": {"feature_idx": [2, 4], "results": {"ref": 0.001327066801538157, "min": 5.334800225242908e-05, "max": 0.0034859991010736113}}, "pair_idx_13": {"feature_idx": [2, 5], "results": {"ref": 0.0022383879682386087, "min": 1.3099062403432171e-05, "max": 0.004179099991863944}}, "pair_idx_14": {"feature_idx": [2, 6], "results": {"ref": 0.00041377103344064636, "min": 1.7553474466192043e-06, "max": 0.002423137109485829}}, "pair_idx_15": {"feature_idx": [3, 4], "results": {"ref": 0.0015080499180892826, "min": 5.950220429951081e-05, "max": 0.005275164611419414}}, "pair_idx_16": {"feature_idx": [3, 5], "results": {"ref": 0.0029320866334229256, "min": 9.610655224201459e-06, "max": 0.0063205414181626285}}, "pair_idx_17": {"feature_idx": [3, 6], "results": {"ref": 0.0006172650229885335, "min": 2.2319875835341563e-06, "max": 0.00465786234011345}}, "pair_idx_18": {"feature_idx": [4, 5], "results": {"ref": 0.00450304767734877, "min": 0.0018864168561006922, "max": 0.010941397597090119}}, "pair_idx_19": {"feature_idx": [4, 6], "results": {"ref": 0.0007040214499974828, "min": 2.5848946504369863e-06, "max": 0.004513292014214021}}, "pair_idx_20": {"feature_idx": [5, 6], "results": {"ref": 0.0007940114866643588, "min": 4.197130427319173e-06, "max": 0.004198055651845278}}}