{"pair_idx_0": {"feature_idx": [0, 1], "results": {"ref": 0.00016420525027704969, "min": 2.8387681835218004e-06, "max": 0.00579170275042995}}, "pair_idx_1": {"feature_idx": [0, 2], "results": {"ref": 0.0002614912437731709, "min": 8.216925166948386e-07, "max": 0.0011880915787851887}}, "pair_idx_2": {"feature_idx": [0, 3], "results": {"ref": 0.00015386511595094632, "min": 7.781405763074289e-07, "max": 0.0026589419530960168}}, "pair_idx_3": {"feature_idx": [0, 4], "results": {"ref": 3.166148635791455e-05, "min": 8.629063189991015e-06, "max": 0.003001343462649686}}, "pair_idx_4": {"feature_idx": [0, 5], "results": {"ref": 0.0005725398873792642, "min": 3.0415721152809994e-07, "max": 0.0036544738217078043}}, "pair_idx_5": {"feature_idx": [0, 6], "results": {"ref": 2.1867806207387375e-05, "min": 8.5739509647631e-07, "max": 0.003965383505981412}}, "pair_idx_6": {"feature_idx": [1, 2], "results": {"ref": 1.0162697504867424e-05, "min": 3.1614123734424737e-06, "max": 0.0050854637379091905}}, "pair_idx_7": {"feature_idx": [1, 3], "results": {"ref": 0.00017228840330263395, "min": 3.3219103749981826e-06, "max": 0.005826545127603278}}, "pair_idx_8": {"feature_idx": [1, 4], "results": {"ref": 0.001985275470446912, "min": 9.782395645752118e-07, "max": 0.008578769007620113}}, "pair_idx_9": {"feature_idx": [1, 5], "results": {"ref": 0.0013015852488487134, "min": 6.69092728030618e-05, "max": 0.0049294438435951715}}, "pair_idx_10": {"feature_idx": [1, 6], "results": {"ref": 1.003398854970694e-05, "min": 4.857664247182036e-06, "max": 0.005479585442435209}}, "pair_idx_11": {"feature_idx": [2, 3], "results": {"ref": 6.619054369272348e-05, "min": 9.698803461688499e-06, "max": 0.003758403188464432}}, "pair_idx_12": {"feature_idx": [2, 4], "results": {"ref": 0.0009601931095148952, "min": 9.735482977779597e-06, "max": 0.0037081798322329274}}, "pair_idx_13": {"feature_idx": [2, 5], "results": {"ref": 0.003219604367507789, "min": 1.6795206148723096e-05, "max": 0.0038655710544945876}}, "pair_idx_14": {"feature_idx": [2, 6], "results": {"ref": 0.00021224414265319513, "min": 1.895095243675815e-05, "max": 0.0021979573191431845}}, "pair_idx_15": {"feature_idx": [3, 4], "results": {"ref": 0.002812431217716238, "min": 2.3614914664737974e-05, "max": 0.0053979613678755145}}, "pair_idx_16": {"feature_idx": [3, 5], "results": {"ref": 0.002436214243423218, "min": 4.4945147740560465e-05, "max": 0.004745132864590107}}, "pair_idx_17": {"feature_idx": [3, 6], "results": {"ref": 0.0005524524922797536, "min": 9.000268112568932e-06, "max": 0.00445523106918011}}, "pair_idx_18": {"feature_idx": [4, 5], "results": {"ref": 0.0065570258002797255, "min": 0.0020670119364497586, "max": 0.008185811372834473}}, "pair_idx_19": {"feature_idx": [4, 6], "results": {"ref": 0.00016964279789966064, "min": 4.594292033366365e-06, "max": 0.004886682356944783}}, "pair_idx_20": {"feature_idx": [5, 6], "results": {"ref": 0.0014346514920943187, "min": 6.881108680301118e-06, "max": 0.004484917712824887}}}