{"pair_idx_0": {"feature_idx": [0, 1], "results": {"ref": 4.760160886474463e-05, "min": 2.920254494664931e-06, "max": 0.006734988289927912}}, "pair_idx_1": {"feature_idx": [0, 2], "results": {"ref": 0.0002682857781971526, "min": 2.4267966025615095e-07, "max": 0.001422144846296991}}, "pair_idx_2": {"feature_idx": [0, 3], "results": {"ref": 0.00030729885440328175, "min": 5.060952267266217e-07, "max": 0.0021736106216636575}}, "pair_idx_3": {"feature_idx": [0, 4], "results": {"ref": 0.0005201213775090086, "min": 3.125719933216864e-06, "max": 0.0026549473154371395}}, "pair_idx_4": {"feature_idx": [0, 5], "results": {"ref": 3.457056684275095e-05, "min": 1.1682511109611937e-06, "max": 0.005470345907048757}}, "pair_idx_5": {"feature_idx": [0, 6], "results": {"ref": 2.4471228182498805e-05, "min": 3.42069472158979e-06, "max": 0.002781769028818104}}, "pair_idx_6": {"feature_idx": [1, 2], "results": {"ref": 0.0003526220881936437, "min": 1.57336380735007e-06, "max": 0.004618617382794454}}, "pair_idx_7": {"feature_idx": [1, 3], "results": {"ref": 0.0006917885711494876, "min": 4.773394347901139e-06, "max": 0.008099612839643444}}, "pair_idx_8": {"feature_idx": [1, 4], "results": {"ref": 0.002666911671499572, "min": 1.3271486566379664e-06, "max": 0.0069669187773258034}}, "pair_idx_9": {"feature_idx": [1, 5], "results": {"ref": 0.002073276855637962, "min": 4.8805392743545006e-05, "max": 0.0076471862167506455}}, "pair_idx_10": {"feature_idx": [1, 6], "results": {"ref": 0.0004565186904250673, "min": 6.557181906341469e-07, "max": 0.0061836183833465785}}, "pair_idx_11": {"feature_idx": [2, 3], "results": {"ref": 0.00014904955573591394, "min": 1.3502949696153621e-06, "max": 0.0024503234133239626}}, "pair_idx_12": {"feature_idx": [2, 4], "results": {"ref": 0.0009867726209842331, "min": 2.3892084072385522e-05, "max": 0.003382172664579408}}, "pair_idx_13": {"feature_idx": [2, 5], "results": {"ref": 0.0018729134638222344, "min": 1.0769290956891275e-05, "max": 0.007676673691988545}}, "pair_idx_14": {"feature_idx": [2, 6], "results": {"ref": 0.00023053855017884928, "min": 5.6055993555848005e-06, "max": 0.003997147066720053}}, "pair_idx_15": {"feature_idx": [3, 4], "results": {"ref": 0.0018934542304291924, "min": 5.6112985939993365e-06, "max": 0.005759303237024782}}, "pair_idx_16": {"feature_idx": [3, 5], "results": {"ref": 0.001086439749341639, "min": 1.7447847652674042e-05, "max": 0.00835164705815472}}, "pair_idx_17": {"feature_idx": [3, 6], "results": {"ref": 0.00024384941738975208, "min": 3.459130363525631e-05, "max": 0.005446415152257633}}, "pair_idx_18": {"feature_idx": [4, 5], "results": {"ref": 0.0056972454093338065, "min": 0.0011286447239388098, "max": 0.010164301042998258}}, "pair_idx_19": {"feature_idx": [4, 6], "results": {"ref": 0.0010553968600569563, "min": 3.783976724625049e-06, "max": 0.00303047159229064}}, "pair_idx_20": {"feature_idx": [5, 6], "results": {"ref": 0.0003162048404429241, "min": 1.065251047738247e-05, "max": 0.008380215607043717}}}