{"pair_idx_0": {"feature_idx": [0, 1], "results": {"ref": 0.014791617976455423, "min": 0.00019631268804215507, "max": 0.11442446502278714}}, "pair_idx_1": {"feature_idx": [0, 2], "results": {"ref": 0.007510405661815003, "min": 0.0034736416104643314, "max": 0.28693410053108614}}, "pair_idx_2": {"feature_idx": [0, 3], "results": {"ref": 0.004549801321324071, "min": 0.005598455988845147, "max": 0.08513065667501972}}, "pair_idx_3": {"feature_idx": [0, 4], "results": {"ref": 0.00295819671841252, "min": 0.00017918710831212048, "max": 0.10016765629286203}}, "pair_idx_4": {"feature_idx": [0, 5], "results": {"ref": 0.004527607231641542, "min": 0.0005769673819034649, "max": 0.08167710961484409}}, "pair_idx_5": {"feature_idx": [0, 6], "results": {"ref": 0.018602222979856392, "min": 0.0012384107830757801, "max": 0.10699991155084339}}, "pair_idx_6": {"feature_idx": [0, 7], "results": {"ref": 0.01595851613366489, "min": 0.005971136824976506, "max": 0.1005702852885244}}, "pair_idx_7": {"feature_idx": [0, 8], "results": {"ref": 0.0011738840801607808, "min": 0.0001428231668447466, "max": 0.10007138166428928}}, "pair_idx_8": {"feature_idx": [0, 9], "results": {"ref": 0.007117432371301566, "min": 0.0023318912425678018, "max": 0.2108065525342533}}, "pair_idx_9": {"feature_idx": [1, 2], "results": {"ref": 0.0026511729362313496, "min": 0.0008964250107951904, "max": 0.14660865829358416}}, "pair_idx_10": {"feature_idx": [1, 3], "results": {"ref": 0.03299674299383938, "min": 0.02640891988511143, "max": 0.06002997967314304}}, "pair_idx_11": {"feature_idx": [1, 4], "results": {"ref": 0.006714815796285814, "min": 0.004692405988873022, "max": 0.04775290634918339}}, "pair_idx_12": {"feature_idx": [1, 5], "results": {"ref": 0.019942394131852198, "min": 0.01627599101009214, "max": 0.04855316286482533}}, "pair_idx_13": {"feature_idx": [1, 6], "results": {"ref": 0.024189286455507372, "min": 0.016990425751214136, "max": 0.046410431662176996}}, "pair_idx_14": {"feature_idx": [1, 7], "results": {"ref": 0.023037803329904946, "min": 0.02024692977128484, "max": 0.04881453909534285}}, "pair_idx_15": {"feature_idx": [1, 8], "results": {"ref": 0.010236373326053719, "min": 0.009158278887539437, "max": 0.02901195998174025}}, "pair_idx_16": {"feature_idx": [1, 9], "results": {"ref": 0.008949419686516163, "min": 0.00014839664100263494, "max": 0.1040231791409707}}, "pair_idx_17": {"feature_idx": [2, 3], "results": {"ref": 0.001158079108022264, "min": 0.0007127427856035706, "max": 0.09647640574675966}}, "pair_idx_18": {"feature_idx": [2, 4], "results": {"ref": 0.0032608345433230296, "min": 2.42659551212554e-05, "max": 0.1251414519577816}}, "pair_idx_19": {"feature_idx": [2, 5], "results": {"ref": 0.002064835720832006, "min": 0.0017274421458372546, "max": 0.12921619656583483}}, "pair_idx_20": {"feature_idx": [2, 6], "results": {"ref": 0.005692492749752837, "min": 0.00041632026649966736, "max": 0.128194341392793}}, "pair_idx_21": {"feature_idx": [2, 7], "results": {"ref": 0.00686340695038018, "min": 0.0007542617499090992, "max": 0.11455048745919048}}, "pair_idx_22": {"feature_idx": [2, 8], "results": {"ref": 0.0016308532200179082, "min": 3.11405980645274e-05, "max": 0.1351114281482379}}, "pair_idx_23": {"feature_idx": [2, 9], "results": {"ref": 0.003447750813019748, "min": 0.0013202693541320976, "max": 0.23493128038525368}}, "pair_idx_24": {"feature_idx": [3, 4], "results": {"ref": 0.0057159198391544125, "min": 0.004496212782785336, "max": 0.05263191760308074}}, "pair_idx_25": {"feature_idx": [3, 5], "results": {"ref": 0.0217446130941929, "min": 0.01600883345917957, "max": 0.05227168751748604}}, "pair_idx_26": {"feature_idx": [3, 6], "results": {"ref": 0.02689711380256489, "min": 0.02558238998868463, "max": 0.07120937249837457}}, "pair_idx_27": {"feature_idx": [3, 7], "results": {"ref": 0.026750368887492035, "min": 0.027493534880965384, "max": 0.06069289450231215}}, "pair_idx_28": {"feature_idx": [3, 8], "results": {"ref": 0.005786616054901175, "min": 0.0044920643079676, "max": 0.04150469794750404}}, "pair_idx_29": {"feature_idx": [3, 9], "results": {"ref": 0.011081340596932027, "min": 0.0012130623074861902, "max": 0.10110461498925205}}, "pair_idx_30": {"feature_idx": [4, 5], "results": {"ref": 0.0037505811375054404, "min": 0.0005839395931115238, "max": 0.012660744235303945}}, "pair_idx_31": {"feature_idx": [4, 6], "results": {"ref": 0.0087529186892399, "min": 0.003053563328800052, "max": 0.025857263792161647}}, "pair_idx_32": {"feature_idx": [4, 7], "results": {"ref": 0.0026569361466004943, "min": 0.00030155604964973715, "max": 0.011699504320204043}}, "pair_idx_33": {"feature_idx": [4, 8], "results": {"ref": 0.001034999114872856, "min": 0.0002894460434695878, "max": 0.015565358919662722}}, "pair_idx_34": {"feature_idx": [4, 9], "results": {"ref": 0.0032543239962018328, "min": 0.0003538313871779275, "max": 0.0790598217726477}}, "pair_idx_35": {"feature_idx": [5, 6], "results": {"ref": 0.02003758924102328, "min": 0.015101789989534486, "max": 0.022431176832400118}}, "pair_idx_36": {"feature_idx": [5, 7], "results": {"ref": 0.017690158834011427, "min": 0.00891129807297926, "max": 0.020964822229879596}}, "pair_idx_37": {"feature_idx": [5, 8], "results": {"ref": 0.006107664981196442, "min": 0.003148558691920836, "max": 0.01266957069050234}}, "pair_idx_38": {"feature_idx": [5, 9], "results": {"ref": 0.007402668829586109, "min": 0.0024547079483225875, "max": 0.0828754480708025}}, "pair_idx_39": {"feature_idx": [6, 7], "results": {"ref": 0.03297356146199619, "min": 0.02621694905772899, "max": 0.04368057463887236}}, "pair_idx_40": {"feature_idx": [6, 8], "results": {"ref": 0.011481352490724031, "min": 0.006934561944649892, "max": 0.021541561680550547}}, "pair_idx_41": {"feature_idx": [6, 9], "results": {"ref": 0.01225842396100535, "min": 0.0032044483846969674, "max": 0.09595570692830924}}, "pair_idx_42": {"feature_idx": [7, 8], "results": {"ref": 0.002268205793215336, "min": 0.00032434705925897533, "max": 0.012192012543991604}}, "pair_idx_43": {"feature_idx": [7, 9], "results": {"ref": 0.007372434203929634, "min": 0.0012598315016423278, "max": 0.09906266683405418}}, "pair_idx_44": {"feature_idx": [8, 9], "results": {"ref": 0.006181935008666262, "min": 0.00011509643578944129, "max": 0.0681280161318305}}}