{"pair_idx_0": {"feature_idx": [0, 1], "results": {"ref": 0.0006308750117731687, "min": 6.297502466945382e-06, "max": 0.0037696822987994816}}, "pair_idx_1": {"feature_idx": [0, 2], "results": {"ref": 0.0001529500178006904, "min": 1.2169634386882677e-06, "max": 0.0011476500133452694}}, "pair_idx_2": {"feature_idx": [0, 3], "results": {"ref": 0.0003145048269570516, "min": 1.8068402682924756e-06, "max": 0.0028794294087601813}}, "pair_idx_3": {"feature_idx": [0, 4], "results": {"ref": 0.0003143165154868566, "min": 4.661691677343427e-06, "max": 0.002238594836935337}}, "pair_idx_4": {"feature_idx": [0, 5], "results": {"ref": 0.0005907811118439632, "min": 2.6664330179393403e-06, "max": 0.004026378602378977}}, "pair_idx_5": {"feature_idx": [0, 6], "results": {"ref": 2.3195954229615623e-05, "min": 1.499093945644958e-07, "max": 0.002188813131249523}}, "pair_idx_6": {"feature_idx": [1, 2], "results": {"ref": 0.0001688324296799104, "min": 7.728938700157784e-08, "max": 0.0044232051254184945}}, "pair_idx_7": {"feature_idx": [1, 3], "results": {"ref": 0.00023958092032771994, "min": 3.4390782004400933e-06, "max": 0.006544547273931611}}, "pair_idx_8": {"feature_idx": [1, 4], "results": {"ref": 0.0011290325150864478, "min": 3.980211148602031e-05, "max": 0.010261640874285383}}, "pair_idx_9": {"feature_idx": [1, 5], "results": {"ref": 0.002179191015819537, "min": 5.742250408058425e-05, "max": 0.005542034710825594}}, "pair_idx_10": {"feature_idx": [1, 6], "results": {"ref": 0.00033481827597880987, "min": 8.777451076302789e-06, "max": 0.004920960724481338}}, "pair_idx_11": {"feature_idx": [2, 3], "results": {"ref": 0.00022901647277639992, "min": 2.1057495399601223e-06, "max": 0.0033360729060213368}}, "pair_idx_12": {"feature_idx": [2, 4], "results": {"ref": 0.0009558332628218924, "min": 1.4540372645699406e-05, "max": 0.0032797712990322303}}, "pair_idx_13": {"feature_idx": [2, 5], "results": {"ref": 0.002188714058399155, "min": 1.1717837903213457e-05, "max": 0.006081277985084954}}, "pair_idx_14": {"feature_idx": [2, 6], "results": {"ref": 5.8021908756700213e-05, "min": 1.2597601281028048e-06, "max": 0.0028689996941388962}}, "pair_idx_15": {"feature_idx": [3, 4], "results": {"ref": 0.0016657935577831795, "min": 4.183386224398955e-05, "max": 0.004129712778203953}}, "pair_idx_16": {"feature_idx": [3, 5], "results": {"ref": 0.003056021081127458, "min": 4.911866137713439e-06, "max": 0.006049073795836524}}, "pair_idx_17": {"feature_idx": [3, 6], "results": {"ref": 0.0005568616565954088, "min": 1.1594000813408556e-05, "max": 0.0036622659366789545}}, "pair_idx_18": {"feature_idx": [4, 5], "results": {"ref": 0.004933039165032627, "min": 0.0007168807929317511, "max": 0.009400337208877674}}, "pair_idx_19": {"feature_idx": [4, 6], "results": {"ref": 0.00023155304644961738, "min": 9.733968813208094e-07, "max": 0.004086387503980493}}, "pair_idx_20": {"feature_idx": [5, 6], "results": {"ref": 0.0009435341168679834, "min": 2.237560333240296e-05, "max": 0.004576373922580479}}}