{"pair_idx_0": {"feature_idx": [0, 1], "results": {"ref": 0.0003843868907714709, "min": 4.0489986874447936e-07, "max": 0.006021256629206495}}, "pair_idx_1": {"feature_idx": [0, 2], "results": {"ref": 0.00020049714879599723, "min": 2.6641633787960473e-08, "max": 0.0015102974776072253}}, "pair_idx_2": {"feature_idx": [0, 3], "results": {"ref": 0.0001793021066661682, "min": 1.4714134931592682e-06, "max": 0.0032028689490060103}}, "pair_idx_3": {"feature_idx": [0, 4], "results": {"ref": 0.0011221106834321537, "min": 5.106702166246535e-06, "max": 0.002382658945858762}}, "pair_idx_4": {"feature_idx": [0, 5], "results": {"ref": 0.0001253600982539238, "min": 4.7251157464511806e-07, "max": 0.006620740271640613}}, "pair_idx_5": {"feature_idx": [0, 6], "results": {"ref": 2.4555473407406048e-05, "min": 0.0, "max": 0.0035332036204822614}}, "pair_idx_6": {"feature_idx": [1, 2], "results": {"ref": 0.0011321417775130849, "min": 8.628438478708311e-06, "max": 0.008147100496866289}}, "pair_idx_7": {"feature_idx": [1, 3], "results": {"ref": 0.0010615503354789446, "min": 9.638494335995063e-09, "max": 0.00814052247086261}}, "pair_idx_8": {"feature_idx": [1, 4], "results": {"ref": 0.0015577777400651582, "min": 2.5563574918896492e-05, "max": 0.008997148857670445}}, "pair_idx_9": {"feature_idx": [1, 5], "results": {"ref": 0.00036940566151300036, "min": 4.555437853492883e-06, "max": 0.0076914848315886575}}, "pair_idx_10": {"feature_idx": [1, 6], "results": {"ref": 0.00036535741602061744, "min": 4.0961850911180875e-08, "max": 0.005586335154478261}}, "pair_idx_11": {"feature_idx": [2, 3], "results": {"ref": 0.0003980512764670818, "min": 2.7415598591318258e-06, "max": 0.003419722349595866}}, "pair_idx_12": {"feature_idx": [2, 4], "results": {"ref": 0.0009860127806974317, "min": 3.241403918330388e-05, "max": 0.0035244331139698826}}, "pair_idx_13": {"feature_idx": [2, 5], "results": {"ref": 0.0022929483076510326, "min": 1.8822983848254538e-06, "max": 0.009304928435965087}}, "pair_idx_14": {"feature_idx": [2, 6], "results": {"ref": 0.0005618306747177115, "min": 6.609436751126019e-06, "max": 0.0035770338682792335}}, "pair_idx_15": {"feature_idx": [3, 4], "results": {"ref": 0.0015174974552710774, "min": 2.4578563111998797e-05, "max": 0.005098389051999441}}, "pair_idx_16": {"feature_idx": [3, 5], "results": {"ref": 0.00319894853993985, "min": 1.0034365189870442e-05, "max": 0.011709965914609377}}, "pair_idx_17": {"feature_idx": [3, 6], "results": {"ref": 0.00036932586119653443, "min": 4.669562805026395e-05, "max": 0.005122985273344205}}, "pair_idx_18": {"feature_idx": [4, 5], "results": {"ref": 0.004111757734368893, "min": 0.00011699943446707994, "max": 0.009742597838114153}}, "pair_idx_19": {"feature_idx": [4, 6], "results": {"ref": 0.00037858770025001043, "min": 8.343589948944796e-07, "max": 0.00346806058678073}}, "pair_idx_20": {"feature_idx": [5, 6], "results": {"ref": 0.0015939006518923549, "min": 1.5016560619307562e-05, "max": 0.00846532892438212}}}