{"pair_idx_0": {"feature_idx": [0, 1], "results": {"ref": 2.7049517483113128e-05, "min": 2.9288708829344756e-06, "max": 0.0064984491727961835}}, "pair_idx_1": {"feature_idx": [0, 2], "results": {"ref": 3.16768728042538e-05, "min": 8.920070615481279e-08, "max": 0.0017843829869539363}}, "pair_idx_2": {"feature_idx": [0, 3], "results": {"ref": 9.605426962278063e-05, "min": 4.6277307097497555e-08, "max": 0.003177590952398446}}, "pair_idx_3": {"feature_idx": [0, 4], "results": {"ref": 0.0006442764129895862, "min": 2.569453226408669e-06, "max": 0.002337164027019778}}, "pair_idx_4": {"feature_idx": [0, 5], "results": {"ref": 0.000747592255185614, "min": 8.549993205653195e-07, "max": 0.00588673214252311}}, "pair_idx_5": {"feature_idx": [0, 6], "results": {"ref": 5.968723404237153e-05, "min": 1.1102230246251565e-16, "max": 0.0034502111591177}}, "pair_idx_6": {"feature_idx": [1, 2], "results": {"ref": 0.0003164448875391246, "min": 1.7428606055025497e-06, "max": 0.007420858759689453}}, "pair_idx_7": {"feature_idx": [1, 3], "results": {"ref": 0.0002191280263648121, "min": 6.1409795588662774e-06, "max": 0.007049702544312697}}, "pair_idx_8": {"feature_idx": [1, 4], "results": {"ref": 0.0022135068989752593, "min": 2.0958222826661377e-05, "max": 0.007328244571522369}}, "pair_idx_9": {"feature_idx": [1, 5], "results": {"ref": 0.0020417035210258394, "min": 1.2542168860152358e-05, "max": 0.006536662997106424}}, "pair_idx_10": {"feature_idx": [1, 6], "results": {"ref": 0.0003883487439892974, "min": 3.997965798163694e-05, "max": 0.004943669480714008}}, "pair_idx_11": {"feature_idx": [2, 3], "results": {"ref": 0.0008949019541627523, "min": 1.995397631127105e-06, "max": 0.004068612873921906}}, "pair_idx_12": {"feature_idx": [2, 4], "results": {"ref": 0.0008778609165510654, "min": 2.405314756259713e-07, "max": 0.0042371183987045535}}, "pair_idx_13": {"feature_idx": [2, 5], "results": {"ref": 0.0011239806558571708, "min": 1.5083999474474474e-05, "max": 0.0069351086418415475}}, "pair_idx_14": {"feature_idx": [2, 6], "results": {"ref": 0.0005926780462751635, "min": 1.0534950251162023e-05, "max": 0.00448298684570847}}, "pair_idx_15": {"feature_idx": [3, 4], "results": {"ref": 0.002069884717689874, "min": 5.3069815958428634e-06, "max": 0.006086903030254942}}, "pair_idx_16": {"feature_idx": [3, 5], "results": {"ref": 0.0015563827714647482, "min": 1.659237461171248e-05, "max": 0.008914440728138628}}, "pair_idx_17": {"feature_idx": [3, 6], "results": {"ref": 0.0007067944997374287, "min": 5.490293801591051e-06, "max": 0.0048244753746178315}}, "pair_idx_18": {"feature_idx": [4, 5], "results": {"ref": 0.0048849138960517235, "min": 0.0008900911306494175, "max": 0.009847178139946289}}, "pair_idx_19": {"feature_idx": [4, 6], "results": {"ref": 0.0001884935392176823, "min": 3.6151082737356788e-06, "max": 0.004383061547509226}}, "pair_idx_20": {"feature_idx": [5, 6], "results": {"ref": 3.0197682867383335e-05, "min": 1.6973186258928408e-05, "max": 0.008763235551108695}}}