{"pair_idx_0": {"feature_idx": [0, 1], "results": {"ref": 0.0001744385396671433, "min": 7.111567744688685e-07, "max": 0.005882265922937835}}, "pair_idx_1": {"feature_idx": [0, 2], "results": {"ref": 0.00015597857973137508, "min": 4.019832056112449e-08, "max": 0.0019886782998952413}}, "pair_idx_2": {"feature_idx": [0, 3], "results": {"ref": 4.638761678665837e-05, "min": 3.1695866231640224e-07, "max": 0.0036442283990026914}}, "pair_idx_3": {"feature_idx": [0, 4], "results": {"ref": 0.00010016362274789525, "min": 5.496980270969232e-08, "max": 0.0026690754468153832}}, "pair_idx_4": {"feature_idx": [0, 5], "results": {"ref": 0.0007983949085286213, "min": 1.2992594186078676e-06, "max": 0.006033125883451618}}, "pair_idx_5": {"feature_idx": [0, 6], "results": {"ref": 3.0080974529056448e-06, "min": 1.1102230246251565e-16, "max": 0.003610710576078091}}, "pair_idx_6": {"feature_idx": [1, 2], "results": {"ref": 5.584270721825657e-05, "min": 3.860008963796346e-06, "max": 0.007667215588866072}}, "pair_idx_7": {"feature_idx": [1, 3], "results": {"ref": 2.8103978895188675e-06, "min": 1.3759285184766767e-05, "max": 0.007587663264388422}}, "pair_idx_8": {"feature_idx": [1, 4], "results": {"ref": 0.0022020796432457024, "min": 2.655447798538546e-05, "max": 0.01010556116297523}}, "pair_idx_9": {"feature_idx": [1, 5], "results": {"ref": 0.002450074645721334, "min": 2.4342322966885988e-05, "max": 0.005916098085704591}}, "pair_idx_10": {"feature_idx": [1, 6], "results": {"ref": 0.00018373054678699763, "min": 7.686593705980016e-07, "max": 0.007742072919176057}}, "pair_idx_11": {"feature_idx": [2, 3], "results": {"ref": 0.0006487677272046799, "min": 7.157113581235386e-06, "max": 0.003744962977864197}}, "pair_idx_12": {"feature_idx": [2, 4], "results": {"ref": 0.0017805251496774144, "min": 1.3767854968094184e-05, "max": 0.004079845426499307}}, "pair_idx_13": {"feature_idx": [2, 5], "results": {"ref": 7.226203642851647e-05, "min": 4.427789097805057e-05, "max": 0.008006973676649931}}, "pair_idx_14": {"feature_idx": [2, 6], "results": {"ref": 0.000385771152976333, "min": 2.117158671710584e-07, "max": 0.00321931564734268}}, "pair_idx_15": {"feature_idx": [3, 4], "results": {"ref": 0.0024613839858877995, "min": 3.972881272218398e-05, "max": 0.005824145681935122}}, "pair_idx_16": {"feature_idx": [3, 5], "results": {"ref": 0.001248487094282491, "min": 1.1834227642615325e-05, "max": 0.009377063383276707}}, "pair_idx_17": {"feature_idx": [3, 6], "results": {"ref": 0.00040342028517670325, "min": 1.6861152485780906e-05, "max": 0.006091597582879249}}, "pair_idx_18": {"feature_idx": [4, 5], "results": {"ref": 0.004564795479718664, "min": 0.0015408851893400355, "max": 0.009932598485621447}}, "pair_idx_19": {"feature_idx": [4, 6], "results": {"ref": 0.0007474829688106643, "min": 5.951807328097303e-06, "max": 0.003314796806753728}}, "pair_idx_20": {"feature_idx": [5, 6], "results": {"ref": 0.000265944012062147, "min": 5.046629527205582e-05, "max": 0.009637397497666123}}}