{"pair_idx_0": {"feature_idx": [0, 1], "results": {"ref": 2.4180471962287342e-05, "min": 2.8479191870323106e-06, "max": 0.004219993526955013}}, "pair_idx_1": {"feature_idx": [0, 2], "results": {"ref": 0.00012888382279185873, "min": 1.7417540083553007e-06, "max": 0.0012006661263755936}}, "pair_idx_2": {"feature_idx": [0, 3], "results": {"ref": 0.00011287134194459814, "min": 9.551709365673844e-07, "max": 0.0022671351562095765}}, "pair_idx_3": {"feature_idx": [0, 4], "results": {"ref": 0.00023794269801258316, "min": 7.961615703933056e-06, "max": 0.002872287305085708}}, "pair_idx_4": {"feature_idx": [0, 5], "results": {"ref": 6.554539289094219e-05, "min": 7.554786862651319e-06, "max": 0.0028573323518248372}}, "pair_idx_5": {"feature_idx": [0, 6], "results": {"ref": 5.934623408476725e-06, "min": 3.1778724218778365e-07, "max": 0.0026671305957538527}}, "pair_idx_6": {"feature_idx": [1, 2], "results": {"ref": 0.00010945908374748736, "min": 6.299478200855191e-06, "max": 0.003411366846743924}}, "pair_idx_7": {"feature_idx": [1, 3], "results": {"ref": 3.7844294194955275e-05, "min": 4.3604787341999796e-06, "max": 0.005268516416284341}}, "pair_idx_8": {"feature_idx": [1, 4], "results": {"ref": 0.002986407951880543, "min": 1.3294143744402298e-05, "max": 0.00589034466385796}}, "pair_idx_9": {"feature_idx": [1, 5], "results": {"ref": 0.0017967099911935236, "min": 5.712027808890685e-05, "max": 0.007190288697803249}}, "pair_idx_10": {"feature_idx": [1, 6], "results": {"ref": 8.316337084057768e-05, "min": 1.5541364198901064e-06, "max": 0.005504526304731527}}, "pair_idx_11": {"feature_idx": [2, 3], "results": {"ref": 0.00011655202836013956, "min": 9.044923186318776e-06, "max": 0.002615740305643266}}, "pair_idx_12": {"feature_idx": [2, 4], "results": {"ref": 0.001174304267188786, "min": 2.0259715076909046e-05, "max": 0.0034836813788281518}}, "pair_idx_13": {"feature_idx": [2, 5], "results": {"ref": 0.0009918375498627618, "min": 3.6813252616285652e-06, "max": 0.003917330822639675}}, "pair_idx_14": {"feature_idx": [2, 6], "results": {"ref": 0.0004233179081042371, "min": 4.2254302441424585e-06, "max": 0.0024579494245615674}}, "pair_idx_15": {"feature_idx": [3, 4], "results": {"ref": 0.0012159219300157398, "min": 5.9523822156459794e-05, "max": 0.00465555211270019}}, "pair_idx_16": {"feature_idx": [3, 5], "results": {"ref": 0.00300509329051446, "min": 9.539518512902134e-06, "max": 0.006074245035265213}}, "pair_idx_17": {"feature_idx": [3, 6], "results": {"ref": 0.00029867759404222927, "min": 1.732196565396027e-05, "max": 0.005078873086791336}}, "pair_idx_18": {"feature_idx": [4, 5], "results": {"ref": 0.005819477882269997, "min": 0.0016660698362336301, "max": 0.008544341214332118}}, "pair_idx_19": {"feature_idx": [4, 6], "results": {"ref": 3.345541422083986e-05, "min": 3.6050843300605706e-06, "max": 0.004265065689991521}}, "pair_idx_20": {"feature_idx": [5, 6], "results": {"ref": 0.0009616769800908642, "min": 1.1489039798417977e-06, "max": 0.004619025798103249}}}