{"pair_idx_0": {"feature_idx": [0, 1], "results": {"ref": 0.00012917409028800897, "min": 1.85622593062984e-06, "max": 0.005521685046320113}}, "pair_idx_1": {"feature_idx": [0, 2], "results": {"ref": 0.0001880988527253047, "min": 3.188276653798283e-08, "max": 0.0020402655119959867}}, "pair_idx_2": {"feature_idx": [0, 3], "results": {"ref": 0.00011695503113584582, "min": 6.773061442810757e-07, "max": 0.0030798008090168194}}, "pair_idx_3": {"feature_idx": [0, 4], "results": {"ref": 7.812782706595467e-05, "min": 1.5112824991447837e-07, "max": 0.0023718537172451315}}, "pair_idx_4": {"feature_idx": [0, 5], "results": {"ref": 5.784178013956698e-05, "min": 1.7643433269931563e-07, "max": 0.004254047134245154}}, "pair_idx_5": {"feature_idx": [0, 6], "results": {"ref": 5.62200276956748e-05, "min": 3.7202222791243855e-07, "max": 0.003494889044524885}}, "pair_idx_6": {"feature_idx": [1, 2], "results": {"ref": 6.158922065280237e-05, "min": 1.2022282919188498e-06, "max": 0.005790771587740551}}, "pair_idx_7": {"feature_idx": [1, 3], "results": {"ref": 0.00025098972111914364, "min": 3.2801803567794607e-06, "max": 0.005493000567021622}}, "pair_idx_8": {"feature_idx": [1, 4], "results": {"ref": 0.0011977326290507628, "min": 3.165031895568937e-06, "max": 0.007663337300555129}}, "pair_idx_9": {"feature_idx": [1, 5], "results": {"ref": 0.002672136867988062, "min": 4.807298079956279e-05, "max": 0.00867993937228917}}, "pair_idx_10": {"feature_idx": [1, 6], "results": {"ref": 4.3346786233078305e-05, "min": 6.9838400371669e-06, "max": 0.0046236696950253675}}, "pair_idx_11": {"feature_idx": [2, 3], "results": {"ref": 0.0007105499117762148, "min": 5.231466462696233e-06, "max": 0.004526503017845962}}, "pair_idx_12": {"feature_idx": [2, 4], "results": {"ref": 0.00019572250293864446, "min": 5.252628855978436e-06, "max": 0.0043347221315589435}}, "pair_idx_13": {"feature_idx": [2, 5], "results": {"ref": 0.0012187152391583966, "min": 2.2834407269800572e-05, "max": 0.006656773756687384}}, "pair_idx_14": {"feature_idx": [2, 6], "results": {"ref": 3.508001495133861e-05, "min": 4.238580986415386e-06, "max": 0.003829518722047509}}, "pair_idx_15": {"feature_idx": [3, 4], "results": {"ref": 0.0009745287156801563, "min": 1.4546026120054734e-05, "max": 0.00755836543408217}}, "pair_idx_16": {"feature_idx": [3, 5], "results": {"ref": 0.0016178350324206336, "min": 3.033566695509471e-06, "max": 0.009419477227508466}}, "pair_idx_17": {"feature_idx": [3, 6], "results": {"ref": 2.635640917370008e-05, "min": 5.145296729569537e-06, "max": 0.004848763236322995}}, "pair_idx_18": {"feature_idx": [4, 5], "results": {"ref": 0.004599133494427532, "min": 0.001740500113450838, "max": 0.009973572349400661}}, "pair_idx_19": {"feature_idx": [4, 6], "results": {"ref": 0.00023305599987089032, "min": 9.619265562976764e-07, "max": 0.004538727904937256}}, "pair_idx_20": {"feature_idx": [5, 6], "results": {"ref": 0.0005592507076747077, "min": 1.5102220643714581e-05, "max": 0.007873415578157239}}}