{"ref_main_effects": [0.03341768388494004, 0.034488759913867725, 0.021539021181688656, 0.043250454674750735, 0.0048476785306377085, 0.01636976522921349, 0.03759132271192088, 0.04235382274073725, 0.006668390861333709, 0.023692994105466464], "ref_joint_effects": [0.08269806177526319, 0.0624671107284437, 0.08121793988101485, 0.04122355913399027, 0.054315056345795074, 0.08961122957671731, 0.09173002275934218, 0.04125995882643453, 0.06422811036170807, 0.05867895403178773, 0.11073595758245784, 0.04605125424079125, 0.07080091927493341, 0.09626936908129598, 0.09988038598450992, 0.05139352410125515, 0.06713117370585035, 0.06594755496446165, 0.023125865169003335, 0.03997362213173415, 0.06482283664336237, 0.07075625087280608, 0.026576558823004456, 0.04867976610017487, 0.053814053044542856, 0.08136483299815712, 0.1077388911892365, 0.11235464630298002, 0.05570546159098562, 0.07802478937714923, 0.02496802489735664, 0.05119191993179849, 0.04985843741797545, 0.012551068506844273, 0.031794996632306005, 0.07399867718215765, 0.07641374680396217, 0.02914582107174364, 0.04746542816426606, 0.11291870691465432, 0.05574106606397862, 0.07354274077839269, 0.051290419395286294, 0.07341925105013335, 0.036543319975466435], "important_features": [0, 1, 2, 3, 4, 5, 6, 7, 8, 9], "important_pairs": [[0, 1], [0, 2], [0, 3], [0, 4], [0, 5], [0, 6], [0, 7], [0, 8], [0, 9], [1, 2], [1, 3], [1, 4], [1, 5], [1, 6], [1, 7], [1, 8], [1, 9], [2, 3], [2, 4], [2, 5], [2, 6], [2, 7], [2, 8], [2, 9], [3, 4], [3, 5], [3, 6], [3, 7], [3, 8], [3, 9], [4, 5], [4, 6], [4, 7], [4, 8], [4, 9], [5, 6], [5, 7], [5, 8], [5, 9], [6, 7], [6, 8], [6, 9], [7, 8], [7, 9], [8, 9]], "ref_fis": [[[0, 1], 0.014791617976455423], [[0, 2], 0.007510405661815003], [[0, 3], 0.004549801321324071], [[0, 4], 0.00295819671841252], [[0, 5], 0.004527607231641542], [[0, 6], 0.018602222979856392], [[0, 7], 0.01595851613366489], [[0, 8], 0.0011738840801607808], [[0, 9], 0.007117432371301566], [[1, 2], 0.0026511729362313496], [[1, 3], 0.03299674299383938], [[1, 4], 0.006714815796285814], [[1, 5], 0.019942394131852198], [[1, 6], 0.024189286455507372], [[1, 7], 0.023037803329904946], [[1, 8], 0.010236373326053719], [[1, 9], 0.008949419686516163], [[2, 3], 0.001158079108022264], [[2, 4], 0.0032608345433230296], [[2, 5], 0.002064835720832006], [[2, 6], 0.005692492749752837], [[2, 7], 0.00686340695038018], [[2, 8], 0.0016308532200179082], [[2, 9], 0.003447750813019748], [[3, 4], 0.0057159198391544125], [[3, 5], 0.0217446130941929], [[3, 6], 0.02689711380256489], [[3, 7], 0.026750368887492035], [[3, 8], 0.005786616054901175], [[3, 9], 0.011081340596932027], [[4, 5], 0.0037505811375054404], [[4, 6], 0.0087529186892399], [[4, 7], 0.0026569361466004943], [[4, 8], 0.001034999114872856], [[4, 9], 0.0032543239962018328], [[5, 6], 0.02003758924102328], [[5, 7], 0.017690158834011427], [[5, 8], 0.006107664981196442], [[5, 9], 0.007402668829586109], [[6, 7], 0.03297356146199619], [[6, 8], 0.011481352490724031], [[6, 9], 0.01225842396100535], [[7, 8], 0.002268205793215336], [[7, 9], 0.007372434203929634], [[8, 9], 0.006181935008666262]]}